service,service_target_file_path,service_target_name,target_commandline,client_id,Customer,Product,platform_family,TimeStamp
,"""%ProgramFiles(x86)%\WinPcap\rpcapd.exe"" -d -f ""%ProgramFiles(x86)%\WinPcap\rpcapd.ini""",Remote Packet Capture Protocol v.0 (experimental),,"['2B0A39FDE6CC55661EF7D4455298650E26E6B849', '6000B2BBD2E0CC599B330455C711011D561698DD', 'B810F0AB1A50942E80F1FA33C848D75724287C17']",['viettel'],['cym'],[],1780110700.439
,"""C:\Program Files (x86)\Brother\iPrint&Scan\USBAppControl.exe""",Brother USB Application Controller,,"['10779DE6540CD9E8E779752155139819724659C5', '2395066862CCECA2E89AE60A220B83DC2BFA1F69', '6DAC12C1C8DD7A8A45B825C41B1D6D9567092AE7', 'F3F342D7D626FE66C772B16B5AE16493B84954AE']",['vpb'],['EDR'],[],1780112493.0
,"""C:\Program Files (x86)\Brother\iPrint&Scan\UsbAppControl\USBAppControl.exe""",Brother USB Application Controller,,['D36A37EF99152EB7A8E831D24624A624D389390C'],['vpb'],['EDR'],[],1780118991.0
,"""C:\Program Files (x86)\Brother\iPrint&Scan\WorkflowAppControl.exe""",Brother Workflow Application Controller,,"['10779DE6540CD9E8E779752155139819724659C5', '2395066862CCECA2E89AE60A220B83DC2BFA1F69', '6DAC12C1C8DD7A8A45B825C41B1D6D9567092AE7', 'F3F342D7D626FE66C772B16B5AE16493B84954AE']",['vpb'],['EDR'],[],1780112493.0
,"""C:\Program Files (x86)\Brother\iPrint&Scan\WorkflowAppControl\WorkflowAppControl.exe""",Brother Workflow Application Controller,,['D36A37EF99152EB7A8E831D24624A624D389390C'],['vpb'],['EDR'],[],1780118991.0
,"""C:\Program Files (x86)\Browny02\BrYNSvc.exe""",BrYNSvc,,"['9F5F2EC49DD144FCC79DEB34DE75E61A485871F8', 'D36A37EF99152EB7A8E831D24624A624D389390C']",['vpb'],['EDR'],[],1780112837.0
,"""C:\Program Files (x86)\Common Files\Adobe\AdobeGCClient\AGMService.exe""",Adobe Genuine Software Monitor Service,,['999E229607CC0221A12391598D7217C5FF8A46B9'],['viettel'],['cym'],[],1780116461.566
,"""C:\Program Files (x86)\Common Files\Foxit\Foxit PDF Reader\FoxitPDFReaderUpdateService.exe""",Foxit PDF Reader Update Service,,['C68DBC48EE4FDC8CD5B56FACF4AC4A376F030E23'],['vpb'],['EDR'],[],1780112429.0
,"""C:\Program Files (x86)\Foxit Software\Foxit PDF Reader\FoxitPDFReaderUpdateService.exe""",Foxit PDF Reader Update Service,,"['10779DE6540CD9E8E779752155139819724659C5', '2395066862CCECA2E89AE60A220B83DC2BFA1F69', 'D06FC6B5372E6D4BCE4AB171F78C80FF641002F8', 'F3F342D7D626FE66C772B16B5AE16493B84954AE']","['viettel', 'vpb']","['EDR', 'cym']",[],1780110461.702
,"""C:\Program Files (x86)\Gigabyte\AppCenter\AdjustService.exe""",GIGABYTE Adjust,,['D078523549831FB66A1BEB1193DF39E3E414D79E'],['vinhlong'],['EDR'],['Standalone Workstation'],1780111996.0
,"""C:\Program Files (x86)\Google\GoogleUpdater\149.0.7814.0\updater.exe"" --system --windows-service --service=update",Google Updater Service (GoogleUpdaterService149.0.7814.0),,"['021E4A821BD0F7A6506E23EDCE8BBF6C5B471B88', '0287F79B06FB0AA23DD3E269262E4832AB270D51', '14C7EAC402FE9D5472E71E8FE6EB2D3C84FC68F5', '1C4689CC51E35FE83E85CBF62FC2C8D2EBB0BDF8', '2530FE110703F5C27E2C387D1918C9A9D6CFAF7B', '2C9DDC8D0873EA50C99A4C5DCD1965A425CB7C18', '30550BAAD1194BAE74CFAB49C5BE13B2D15FD3EE', '3BD8639E9FEEEC503E36FB2546B0F37051EFCF80', '409FF7492CB6C49AB5D964D03EE159E67447669F', '4D306D894727954EF0E5A0F95AB0DDD68FEAE679', '51EB91CD682435518F3040929D11D509B8DADCCA', '5CBA308735012462C443BE1AFC53AC9AD82EFFE4', '6E822B668B584CEB07E461AD01F309005DF35F33', '76F260054835928C964D0F26D5F944FDDB6F42ED', '86D42052196CD808A55AA54D81168C910A5454BB', '938200D720F2AEFED61ABEED82053F254F4A04AC', '9B4EDD92B6C8D000C751598629D78ADDC072432E', '9CBB2E908085D8E3F22ECD31E7FF9689C4DA67B1', 'A70FF5A03019324938889573EB639F3B0545CDAD', 'AD9A784DE026FCC5BE63827F096430636E334112', 'B809ED5CAF80D5A48C86C374B5F9136BAABEA1B4', 'BD4DD9334153BC4AE89F46DD53182D2B4DB3C322', 'E45C3ED501F343783E8967D591818B13264E09BE', 'E54F13D6744237CC025A998B72C2C737E0763166', 'E8963A50CA2568BB0CF497EA821BF85CD07C79DD', 'E941DF20D30B766AD3E1A7D022C6568D3358B1E9', 'E9765762152D3050A690F27A656B68BEE77A7EFB', 'EFC8353E146C934E0A995E5535E1731A4CBDAC68', 'F0D7D51028A9F0BA97043C3EDABA4277C7E8AF63']",['gpbank'],['EDR'],['Standalone Workstation'],1780099577.0
,"""C:\Program Files (x86)\Google\GoogleUpdater\149.0.7814.0\updater.exe"" --system --windows-service --service=update",,,['A62BD6980F2351B74B2995385F28A2900D519CB9'],['npc'],['cym'],[],1780115832.412
,"""C:\Program Files (x86)\Google\GoogleUpdater\149.0.7814.0\updater.exe"" --system --windows-service --service=update-internal",Google Updater Internal Service (GoogleUpdaterInternalService149.0.7814.0),,"['021E4A821BD0F7A6506E23EDCE8BBF6C5B471B88', '0287F79B06FB0AA23DD3E269262E4832AB270D51', '14C7EAC402FE9D5472E71E8FE6EB2D3C84FC68F5', '1C4689CC51E35FE83E85CBF62FC2C8D2EBB0BDF8', '2530FE110703F5C27E2C387D1918C9A9D6CFAF7B', '3BD8639E9FEEEC503E36FB2546B0F37051EFCF80', '4D306D894727954EF0E5A0F95AB0DDD68FEAE679', '51EB91CD682435518F3040929D11D509B8DADCCA', '5CBA308735012462C443BE1AFC53AC9AD82EFFE4', '6E822B668B584CEB07E461AD01F309005DF35F33', '76F260054835928C964D0F26D5F944FDDB6F42ED', '86D42052196CD808A55AA54D81168C910A5454BB', '938200D720F2AEFED61ABEED82053F254F4A04AC', '9CBB2E908085D8E3F22ECD31E7FF9689C4DA67B1', 'A70FF5A03019324938889573EB639F3B0545CDAD', 'AD9A784DE026FCC5BE63827F096430636E334112', 'B809ED5CAF80D5A48C86C374B5F9136BAABEA1B4', 'E45C3ED501F343783E8967D591818B13264E09BE', 'E54F13D6744237CC025A998B72C2C737E0763166', 'E8963A50CA2568BB0CF497EA821BF85CD07C79DD', 'E9765762152D3050A690F27A656B68BEE77A7EFB', 'EFC8353E146C934E0A995E5535E1731A4CBDAC68', 'F0A5C16843FED3281E71B18553998C03FF270300', 'F0D7D51028A9F0BA97043C3EDABA4277C7E8AF63']",['gpbank'],['EDR'],['Standalone Workstation'],1780100314.0
,"""C:\Program Files (x86)\Google\GoogleUpdater\149.0.7814.0\updater.exe"" --system --windows-service --service=update-internal",,,['A62BD6980F2351B74B2995385F28A2900D519CB9'],['npc'],['cym'],[],1780108947.896
,"""C:\Program Files (x86)\Kaspersky Lab\Kaspersky 21.25\avp.exe"" -r",Kaspersky Service 21.25,,"['428123F431EDB28B5876D3032B51E23D44B0589C', '5364426DC9173CB7A604AD541817DA78941EF6E4', '9B3033CD053EB4828DF9BDBDF056803116B4E93D', 'AFCDCF5781B2D0D55A1D55955640AEC5BEF4A40F', 'B51D14035F9D61AD6EAD63B1294C5EF164515CFD', 'E399E8D9880002EE1498F768C476299DD3E3578D']",['vinhlong'],['EDR'],['Standalone Workstation'],1780100405.0
,"""C:\Program Files (x86)\Kaspersky Lab\Kaspersky 21.25\x64\vssbridge64.exe""",Kaspersky Volume Shadow Copy Service Bridge 21.25,,"['428123F431EDB28B5876D3032B51E23D44B0589C', '5364426DC9173CB7A604AD541817DA78941EF6E4', '9B3033CD053EB4828DF9BDBDF056803116B4E93D', 'AFCDCF5781B2D0D55A1D55955640AEC5BEF4A40F', 'B51D14035F9D61AD6EAD63B1294C5EF164515CFD', 'E399E8D9880002EE1498F768C476299DD3E3578D']",['vinhlong'],['EDR'],['Standalone Workstation'],1780100405.0
,"""C:\Program Files (x86)\Kingsoft\office6\wpscloudsvr.exe"" LocalService",WPS Office Cloud Service,,['F01749CECBD2239CB751C6BA4BD3584BF0E3A6B9'],['viettel'],['cym'],[],1780103647.117
,"""C:\Program Files (x86)\Microsoft\Copilot\Application\148.0.3967.70\elevation_service.exe""",Microsoft Copilot Elevation Service (MicrosoftCopilotElevationService),,"['...AND 587 MORE (TRUNCATED)', '000DEB2131233B903899E0B666C63DDD97FAF31E', '00F06BB6A13F2E63C4E7A0D9EE572013D6302369', '010832EC87B2A9EFBA018FA9F56B2315380A7780', '013A2334CEB5BEBA51C64B84067C73B237299F29', '015B2E5EB36A29C0FF68CBBB458C1BA896B99E3D', '01632DEBE1035AD1AC532DF061D4B1B52D0E3280', '01C3DFAC65B1CD922399E88517C8DCEB57CF1328', '03F62BF6CDA81B75F81AA0919D4C8562D10AFDBC', '0410A013FC9CE0F6E53401D404C7559C84335E62', '045FC34C95647D43C2095D245A2CDFE4DD02AC4A', '050FA0E0B9CA167052B78ACA199A684BBF9F745B', '052866DB6AD482F0A7F475102543CDDCFCC4EB17', '0535753C87AF4D081016AF1134C05443FE9E128D', '056BF2D4491C21519A74DD8E2D8B5FAE7DAD6E26', '059D149F4710E385137AB111D63103A6CD87A66C', '05BAAACA3C33C7B318EB3793EE86FA0B06322320', '05F17B329CBDDE930FCF739CC2B233D4F9966F3C', '064EEBD2A203EC74BC254D399DFCD6D9F7D14A1A', '0653D20DBE0811D75921FAB99C5A5D36562CEA38', '07281962C1F26FEC81AE1CA03FF23FC84A433A5F', '07399DFBA186EE97F11F3066285D697CD7B7A2BE', '0743EEC665199A659237861AF6BECED34186B84D', '07A3C35FFBD2CAA53461FC2BB7CBC1E23EDF8B2D', '07CA759DA94A56101E5B81734333511313C817AF', '0836D4FCB58A0637E83A1B160A2706B5856105BB', '085A724E9FFDDE6F7390170E30004C02B5FFA33C', '086017E8158EF164E0A7755E119E52861A045ED5', '0889BB79A06BA299FBC20D89006CABCA6A18D316', '088B910896B818429EF4F958E0A3EFC817FB6A8D', '08A25C881CBE8C45D54BE84A29040A069B71E6FF', '08D0FAFD4FC153FDFBD435E331C575BC0696079C', '092CF604C1FA8B999EAB0C5AB1E10175E9EC576A', '094770A68EF2279CE45500CF95AD27DCBDDDF590', '095958F6C3598ED81D43B831D31751B97E7982DB', '0AB9496645583A8A6E8061F00216D4D7E283D417', '0ACC300B8E41C1328B84E5507C468C6CAFDDC495', '0AFB422681E7D0AFAECA949E567D64F71CDFBC3C', '0B1716ABB740CC020ECB6ED0690795D353CC4A94', '0B53D9944B88B6972839A0549DDF70D224B90292', '0BAF288875D35FEE0F68E919DB1FD06AE0707301', '0BCEEE7EAD1F579C07FACDA831DC9A3E7DA69CB4', '0BD402133A407D756E51221C6C097012ABF25BB3', '0D096F8AE41340821C6C77D144C6A30F6F542736', '0DA03B631EC6BE251FD29787827AFE89A57FBC17', '0EC8AD4D2E23E7375C74AE52BC6E18E538C730B3', '0EC8DB0D515C31F3C5373DF205BB28E4A5CD6259', '0EFCDD0A58F68097E2DE279975F44802136AF4CD', '0F14C35722D249489C87A5B2D12A3000C087C872', '0F1588D5F5239E81B8388E83018A72F1C23302AE', '0F5EE1A004955276A4C56021B6F98FF37E33D4FD', '0FC6BB017C1365FE602786970EC6D70112F9260C', '101913195EB3E795D9A3D3D5E125BC05531ED6DD', '10C07AB83E00EDFC8C41F56B07DBD5F088EB77A6', '112513FE152D99825985F44175472D41D6D76D19', '11ABA75D9A768739829ABF675FFE34C265235164', '11D108E3FEDBDB851EAF688A28D7616059FDD6CB', '11DDCF87F35308E72A6BDC1549C0B6203EC9DFF9', '129065AB7132543C66A4BE81417F5818E9D978A0', '12C6BB13355DE059DEB38B6F952B3F4735AF4075', '135B67358AA6C06734188D17192E486A7584F09D', '135F90A365651BAC0C739BB0BE0C6603D15FA1AD', '137EC46A8BABF35F60FF71A1078F48207398128F', '1382C4D831A882579D392962806480C723AF0B29', '13C218F935448F133D31F07E1444ECF35A8FD25A', '13CF4FFD7232BBA600F0F4B7CD2935C35CFBE3E3', '13EECD5ADEE202250BBF510B34A3245045394DFE', '13F481756B756F7345F74B7A73AB485D9EC399E3', '143357CAB1786C58E129CBC194AE33FC4C020117', '14574CD58C26267A39B5D10EC86F0FE098B59BEE', '145E7FF03CB439F056387A43941A44694D831DAA', '14EE9C694DE8E8E59E83BD1EBA82BC5CA1B7EBD4', '15140BFF01F975343752D3A57519E8C2EB445F68', '152A4A2C69AF6F369E9E99A79D79EB571E303DD4', '152C79F78DF97ED5183E7A911B9520B952816F24', '15350CE827DFB2744F785322DBA64E676FF33113', '15CEE4879FC4359C28B06A1CE112AF24B6996BB3', '1662DFBB9B770A38EBA78AA6ACE807C8C18F1D2F', '1672C5C05BAADAE3127B6DA65EC812FEB4773FF5', '16914527AA3349CC4582925964F544296C13770D', '16EDB6971346FC8E6603FAD5F4D9B8A6C530D09B', '174299F169902218937CD6C0457E85F82B1A5167', '174C742D68CBB933F2A8B9EC5E3394D88BE3D138', '17CA42EE7E6188B58EBE88D69E90B080AA7FEE64', '17CCCDA941D4983D641D61D87B6158BAFBD6CC90', '18D9AC61CE11FD1CD0C4A9D686DFC40028382130', '19E12C8786763A11CAFF5E71C3CB538B6D5A89CD', '19ECBCA26676344EE858CF777D6EAECF102518BB', '1A045E818A67A686EB7E2E6E433D97D84EAA38EA', '1A704A8D8E03D5CD4733041400A990A2BA459843', '1AB377CA56CA86C97E43AC4332BB06008D9717BE', '1C08A667A82F1ED97D48565640064213DE34B911', '1C51538D2D78F7CCF4B632F8A12AA5E6104348A2', '1C5D4F568E53A1F4C23B78F9D41D529F5ACDEAB2', '1C5EA24C0137FD1A91CAFBD0F2AEDF77EF29A29A', '1CF68FC3DEB7AA3DEBDCDC7EED1D10CD51855581', '1D01DA3706AD14A13A8E4678FC2662A5F69D17B1', '1D3EBB03AF53763CBD4A4E905BE36B29BA4DDCB6', '1D9836FF8C7E4B63F458951B77ED41048ED7908E', '1DCE41FE7FE2A8DC17F94AF68FCF6241D4D27116', '1DD9111A2D8E033E8FB5C76BDFF9C85F748FE1DF', '1DEE9EC905B677F4CC01A6819E36A2AEB46A44C6', '1F8BD8633ADDF26737FA5FB7E88050447360EB15', '1FA73C99CF353ECD8AF8882501A92C6A769953EF', '1FB60C7D84F55EF0A43E4CE5A4F4ABE9B12F6B5F', '1FE10D255A03B7F1FBDF8EE31025E6D4A1A539A3', '203E0F983C70C90AB873C9DCEC77E121662C4BBA', '20F49BCA0631B4EBF640BA86253237E28E2C321A', '20F7849E0CAD5F96A7CBE15726F7D6C37B2D1362', '2112B769F9064819D0274B93EF34A3019F2F2A92', '212D0C4FDC75AE7A0F61F75E915E8A8609FD420B', '214032D0677D7492BA5959E9814305C89C33EFA2', '217FAEAF980BE5FD85DDD5033C58ADCC696D3881', '21E879E852B0C77E12CD89A06EBE12D22355384F', '223F78C6CDF8BFE2B84EB76C877629684EE6D1BF', '22489CE77846D1D9DD5723405667E2CE30D57E88', '2271DA7FE861AA30CB8E4B3A75A1B2BF656CCC32', '22E823C0F0A3065A857AB3C819F19DD676A60F0D', '24F999ECACB2070787EB6C5C89EFF278EFF6529C', '2539EAF1BB0018716A2B9731F8180EA9095A3749', '2597E7DF63101A9DE0F5F5F1982A0E1B4AC03809', '25BD8677202842FCE7C86F4914578A7685B5278F', '25D162CEB11AF08BD445DEF95A81869B022485C8', '25E3F7749769F907F95239F5D8D187C4DB43C62D', '263DFC82EA840FB6F05A4A7A9AB2EBDBB938E95F', '2653EA7C74353BF43E71E5BD715B2CFEE2D1DE01', '26BC7221600B304A9ED81FEFBD5D56EA189697DA', '26EE1EA59E86E8385901EACDBD3F7E5443E86381', '277E7EE671DC2E6B4AC4F1F291F963BBE8675765', '27920510C65EA3ABBC9FBCFE9FFE257DBA1860B1', '280654810E4A88336B1A91C923E6A0A203DCCC94', '285F10ED05E579779400291D85A6055DB28EE2CE', '28623ED1A1B9F644FA59C371EE163C0F8298C67A', '28E9299E4A572457105D6458CC5EEBA5E796B702', '28F4849BCEBA49B8790D249BC8D64947CEC667AA', '2909253DA49BA03D30B9ACF87DF4809A3F00659A', '29170DDCF31801F93258E861A55B4FDA63B585E3', '293AE80EF3A38B75AC029BFB8880B4562AD56A17', '2994459CB160AEC35F4E88C2D5E475EBF85D75C4', '29B12F78F49D48974017B8B4D62A9CFD76E17A57', '29D1B08F5E11AB709CEAC92659C93D81A1C89CF7', '2A88096A73777B800710B0F3E60F5458918B35A3', '2A88497F510C5A6FBD494854E800C4346D9F2580', '2A9B079548F0FDF59717D534284B4B91C788559B', '2AACE17CB0447C956D13F9EDF172E82500986CBC', '2AB442048E1788B5FE007B96494D22B7E6C59F7A', '2AFDD5EFB5580C15133D23D920F55421C01D4E3A', '2B0E30DC77F51DB5E25C3FE58D5F5A834E50E9BC', '2B521958D8C6A4E44C893AA36A7EFDE1767DE223', '2B5CB79E9FF7BFCF0C8B80B3B85DA23AF62E81CF', '2BDF14E03E849C7E8D03CEB30921F63F29921E0A', '2C146EFD35EF9699EE5DB93E302DCEAB4DC50E75', '2C6927FC5E57916C9920615A4B4D85BA15DB05D9', '2D0D8C3590CC3DF6140A1DFF44A661B49A550AAA', '2D5F3144C1C2E675E73C84F67051E32D47F25CE9', '2D7E52E135E4F28964E8D3DF3DD04F2C8FEFEF45', '2ECC0A20C05D835DA1BB535025A31C46968B8DBA', '2F1285AB99AFCC9706EAFD6F2F202F39DB6C8F4B', '2F2C5F7C2429B0226B5B87161306786626151948', '2F5C5B0F8534B1A0E4738109F52D55B4EBA5B9BA', '2F9A4E9CB7293E66EAC6D65E9A719E606BE0879E', '2FC55AA2C956BF1002399E975E27ECDE94D9CB27', '3046BB07D992B6B7ABFCFB797AC2A0EA52581B22', '3086B6471F4F72F8D00604BF702A6F01A3986460', '3089D22A8DBC059DABEFC077E4542A7B795FA0F4', '3097C8024112CE100622BC82DD9F0CE39765B00E', '31A58A35A325F8D974C135114FC6B5A4338EB0FD', '3214DD89A0E71D06E80ABA6BBB518EC0533C7F32', '32DDF326EB22707756541D6E2D58738D6750580C', '3367992CA5B7864204B11F7FAF680535E42B157A', '33F0986EC89F2DE090A0DAB236C5DA3142DDA5C5', '341E890C8C855E12A2CCE21D789C535882EA97AE', '345FF4AF989AE8C8E9EC19D40E22988D3BF7D5B1', '349804EF9FF5125C4CC73DF07EC9DB7CE1A7FDEA', '34D405A2955EE00B2361103CF4EAA7B33D5A64CE', '35273B9C6D8AC6E22F79ECC23B707C7DAE67325A', '352F1160AD4D2C4DB81C0A4D755FB3560078A9F5', '354B85FB371A83866C9855A9B091BC32D300050E', '35614EEC94593A11335964EBBA001118B3870FD0', '359DE60C2B22FE149AA5E95C3D8053A07ACFF420', '35C52FF836845E3AA4D4F688E82DA8FD07B26BBF', '36BB23BE2B10241551E04FEAB21A68CB104B4D70', '371CFC0D88AE9121B522946F80394E8E4A924F4C', '3741DE97E6ADE32124BFCE700591443927B13975', '37DFD34999E49909CE746632ED5022262FE00B10', '38157CD6FBBD78F7DB70A9724F15B95621E2844E', '3824F9A4B97E1C7EB1E41106F24C346688070EC9', '38ECA47FAF6D29B6008FA29A11862D6E589D9264', '38F7A897669C5BCC3F973FEB120A125C9C56135B', '398CF5E1806878BD7E2477AEB0C52E239FA0A2E3', '39BBB170DCCE66975D782620F2A3E3D745C85010', '39DD7511F94AFC0A87141574BBF7B691C7895E24', '39FF500164C976EEDB4E3DB0123D41E21F3F533F', '3A4CCB681DDF177D4704708DBF053E952946A1A8', '3A5086D4FAE96CFA8DACDB58788594FF0CD184F9', '3A6AF1F304478F159E9C214F609C845598FAE5BC', '3A7F957C637E3968B0FB1EB815B5A6B0C3018907', '3AE17B2CF25605C74075D3477EFAC0BC5BF10610', '3B221B67B560FD132BBF117C0CA98644DE59DA9F', '3C4B32EDE29C0AE49C56DFC47751DA443ED4B819', '...AND 47 MORE (TRUNCATED)']","['SeaBank', 'VTV', 'gpbank', 'mbs', 'vinhlong', 'vpb']",['EDR'],['Standalone Workstation'],1780099235.0
,"""C:\Program Files (x86)\Microsoft\Copilot\Application\148.0.3967.96\elevation_service.exe""",Microsoft Copilot Elevation Service (MicrosoftCopilotElevationService),,"['0040282D0FD17D92A275C904732A324B82074257', '041D1D26203188E995B5D794B229E657867BC766', '04DB07BC6A5E59121EB8769DDA362D407EF011A6', '09BEF4202018843EDB29312766A4FF578F98103B', '0A7CDECD263C269F9EFAA334B2DE5B8C33D4EC30', '0B01D24AAC1A2C4D7D99AF047673638977DA0B82', '0BE5101152E0E912773FB362D12E54881E99012D', '0C7117DCBE31EA84C1C60DB13963CE87063D1B76', '0ED51B822E11C9F81E592087A45066721EAE3985', '0F63C7FE2CF573AFC9015BD5A4DB1CE086CB9DDE', '12CBA553810D6848A269D4479425DD50E5D67524', '12DD0B9E98129635EEBF14430F6FDA4F709C1222', '1438A4E9F6931446F5B4DDA09D94A6C7B83065F6', '1455E0632F6D2189074FB52D5D843D8374FB2B81', '162DF143F110172694E3951F0AFAACDC151A994E', '16D9FAEADCD74B7CA7BEB5902215FC838080FFDD', '199967A897CDC0C3D56CC38DC33D310AF78CCBC3', '1ACEF19B0BD9FABDC24DE25086D27E94ED2C8ADD', '1D88D0633AF6046BACEDDEC37A234CEAB4038DB7', '1FC5D1F59879B749E83E82C0C65F96EF44B65CEE', '20D89F5258BEF33FB27D925BACF31044C90BD666', '21EA8E85C4FFEE6D375FE0E68F9830B085F3E280', '22D14F7533A8FB069DBBDB10D261E46CE838D3AE', '24CAF6C8C2DC5335798D0A08B3D4D66EE99CA1EB', '258F6B61F48B7E7253F45800B7FE77E7334B5FF7', '28D227B4C3A84269203C8B64DACB704492E9AD3A', '299B2F873A055C9ED9B1478BB8BD8EC120984F57', '2AF655EE532D2F4143A244E07DF847B77D595AE3', '2B735AF06A7069BC27151C3C083AAD6E69EC5BBA', '301ACDCD3BA1E6FAF3C6DB4182CA3C7C7B4C6CA1', '34E1D0D89C2D68F0CA4B912E9DED9EFB587834A6', '35A9062E72060E4C6049B783345FFF9C7DC61176', '3683392D5BFA35BAE0C4C5A02052434D4EF1F7A4', '37134D9DF225984BA00046463CF6E338E8A5853F', '38700FA26C8D336E61507373A6ADCCE678271726', '38E09BCC79BFAD97B58BDC2FEA78874E0F8BEE33', '3AA84F5D4B44054081546C0C957AB4C9B3D011A2', '3ADEC39C8E13AA359964DBDC006E972EF6FD922F', '3CFEC05F339ABC1B15C51081F52D1B290F07DF72', '3DCA1F53DCBE58A38CB1194D6917B16C6E086ECA', '3EB342C19302CBD013A6A22E03F7B5819B98B581', '40E3577175658CB912F41571B136A843BB857B37', '41BB3AF1446E801A18DE1FF656A02079D2E8CE29', '47D2184FF40D1CB4DE063C5FF5DBA22D6A270E84', '4B734D0A5D71C7261CBB4F0D907C88D3B6D9803A', '4C47D8C9CB9076E970B3B01F349AD566FF847240', '4C9D921AFE32F2DA5A4EF87CD19C9FBD276F9FBB', '4CD0A0D80F7D58885274DD3FA170B1A446FCA049', '4E286450C213E2C1FBEFD7378760C47E51DF029D', '4E8D41DFF0B445821992E085FD35458E76FF8536', '511E44E9FAC1B5D22D8BABADB323C2A007C524A5', '529CFC75A242D1B93B4199B854E2C579A29EA1C8', '53BB5008DE4E1B1B2CAC094B2EC43CC7C7C78EE7', '54EF1F1086E907F1A43B41D48A63ABB33F016C0C', '54F6D09379BC30AFE163FF6AF72688081EEC9016', '55AF1697B847EFBB8193752043E0D031529D54CD', '56E642AFABA06CF3E9402DFF2EB79C699B2E12E6', '5DCDC90472AC89AEF64157A3A2B4E03EB0D8529B', '5DE10B4D7387BB899E3FCEAA9121FCC5E1004402', '5F6DBE4CAA6FE741862C0A724884D991CA7D1974', '6038EA7378C4ADADDF572E81EFDB711216F991E6', '609C6BDCCF1A25B4E61936C760EACE8A9C799A5F', '635CFC68DDBD2FACDB85B2760283D6181F9215EC', '63C950E6482D8909C6E177E46BE857FA78B32DA1', '66489C3AF728AD70068401ACC90BFA853C7A790B', '671E97DAC1F88CF2B34E0D64F623D0D74FA7A566', '68EA966163C3F3C929C9383896C48BB0015CEF2C', '69491E19BAD9C2D5E475BB1507F031C9FF48DE27', '69D99CABBA13CDAE1704198F5611604C772E4F9C', '6BB57C78C06BA7624C1CB9E5B89D2078B2C1C077', '709292C49FAD0F283FFF3E9FB4A9E078BBFEDE7A', '744B16244CACD492C3CB27D581BEFB2AA23D343C', '78CEEA41C59EA278F931973890AF4E3A4AF09422', '78F659D92F6818F0B5886F1A03B898067CEEE881', '7A5F907C8E1C238D2E1FF2D2D838CA9637AA760B', '7BA71CAB1B64A2D7E8BA5343FC6C049F47BFFB69', '7C0589488BB87ED4D907EE332C38A8DD5C8D75A0', '8093A8CD14287E98D9F19F438A544105372E0315', '80DCD98AFE09686555EC16B345B251C70969A291', '81EE5F024D5396D2D69986FE05479C3A312B3431', '84860379E22CC6745D397378DCBD92DBE2FD3423', '8522458835A8FCC757C23AFBD315233AE6E2F23B', '85CC0F3CB699E19BF223C98214C30C430AC373EE', '87444D201AE66ECDE91D700451EA596EF4AF2322', '882B819E924BADEB3DF6470004A9D15B34610684', '8859D91F15AFC4EDE8CD4BC841091C9D4320CEF7', '8A00AD05517C20A31B9F384F68E5BCEFA76FD0B6', '8E8A26E824D3352AEF3A21993E29687D1232F15C', '8E94D3A7DDE86C132DEEC259E7400EEA0720BF1F', '947C024631CA9FFE32CB3358C684D0EAA2BFDC8E', '94ACC78CC360F8B3C4B1F07B752FEAD78B558AF4', '94F3977631A8B6AE1205F4ADD5418F52F632B8C2', '9821044D02DAA4D298D603E5224F7CF7D8D3279E', '9981CD80624FD15B52B24C88486454A64371D27B', '9C31BCFEA0A713189E2DB050077F549F4D5C3F6D', '9D8B0FF81418562FFE90E211CD3DE5DF59DADAA1', 'A370D2850F1F62DCB8EA94954DCF6A7A1C6FBB31', 'A7593A8DAC60AAB060FCE1B8486A8C26C689F38F', 'A9661E0AED66E21501BBD0F6A749C587CB7EB93F', 'A9A8A111A8482B2627F2F27AD730B78930671355', 'AA763945801012A3749114F0D3008CA63C64EC08', 'AACAB492BB5F14DEBE21976CEFABB6248C046746', 'ACA3EE68A38C19168EAE7B2481BA88ACAA28BC97', 'AD2A6F85F2141304A239CBC3F6A92098AA394B66', 'ADBB4704FB49FCF2B88FA72F54D171E76AAA6FE7', 'AE3559BE9339FEB9998BC6D35ECCD6B6C14ED184', 'AEAD96A2187649FF035E2A1C52BFB3909F5CCD37', 'AF46785A51C3E0E3BCCA4A9EEEFBF6234F72E399', 'AF6FE1AF7DB5A8B47127C23D967E22F53EE67295', 'B0F838A19A975BDF4EE62602A5796F309296BBF3', 'B387DD7D1DA5624694CE3D0B82EADFDE16B00C5F', 'B54EEA3646A146F3D586956ABA2B05342D6E54C1', 'B61052075FF15C191B96BA34946ACA658FD3FBF9', 'B6A1140170E553638AF79B49D6A47348ED650442', 'B78E00C08DCC81842370E3052ADD43C37E2ED53E', 'B9E3F9DF2D6D3B4CCC82FD9C8B8651B5EB3C9BAF', 'BC750870B8FDACB8E0BFBFCAFEAFE05809F4B8EA', 'BC8E12B9A470E76082CCE4D27C9C84F3FBFF14C3', 'BCA11379CEC8F0CFEB19A8C33795088CC5E405E7', 'C2CE48AE52E47D5B5E13FF2C8E2002635C342356', 'C3610071E8379B65D3E03FD0E0F1132A88189884', 'C444CD578AE54D522D73126A3DC51E6CC8CAEA00', 'C462E7259E6907762267FB52AFD0811B4DDF1D87', 'C6F52B164002BF137FD7E5127B8AEDD3B0192968', 'C89A718CA4C5B6344D37898313EF6CCCA9629EDE', 'C8D98D833894AE4C285C983B41BC3A20F89BF79A', 'C93CE53CDFA9830CC06D0220F0B94876028ECC33', 'CA6056F8EC8A448326D2842F8DB8E6EA55C78C2D', 'CB6EBD69A1A3641C9A71B3EA92B7B9A4B88D02AA', 'CD9635F155FFDC429566F10AA339393103B7E3B3', 'CF068AADADC4D59B97337317EFACED3629EB7315', 'D3049508F3F1DDB30A40FA0659AF3E871D37C14D', 'D401CFD3D4F9FE52B955F036675D2DB09B13054C', 'D65C9A1C467F5742B9DC2D1D1C564F3A30937883', 'D65E67A00C6D9902C7586D9E409A923EAD118174', 'D66132B145DFB6A5FA8915192275BFD53E567F5E', 'D662547359806A0690E6303C67A7439B9766547C', 'D9A3EB42345F78D31396562B9E2C9838B2102E7F', 'DAAF7DFA33391A034FEA6F39D8DB3F1BD15918A5', 'DB46B811E54986F1DFE7CB18E5AABD5103A9AFD0', 'DD398B5AAD78A12A76932A20449A94117DD94DE9', 'E202F5E3AA77B0FA051E3EBD5E524EE2ABEDE41F', 'E2600F836BFEF4C2E0F57C42BC814C42F0FA9F58', 'E77E72921C05C52034653EC11B48706890C240F6', 'EBC2FD2546DB77C092C928BA090CE47FF1B1700E', 'ECE106203633E2E5AF320873C2F3EB85B08C8EE3', 'EEB9D4D842DBD623F89EFA9CFC62367D8099ECF8', 'EEBD180377F7FCFB745FD56299D37E5AD8B1DB34', 'F32845B1B4397CDC0CF592B44A91ED15F5854C2C', 'F4F046729F7745EF4237CE45E69EA4C034184AF6', 'F533140FDCA7E76D7A536694F204A1AB2138D3DD', 'F703592C22438F3EEF0CD9976A6223CCF0794B62', 'FD8E0DA10EA3D88396547FCD76441779AB819EFB']","['SeaBank', 'gpbank', 'mbs', 'vinhlong', 'vpb']",['EDR'],['Standalone Workstation'],1780099666.0
,"""C:\Program Files (x86)\TeamViewer\TeamViewer_Service.exe""",TeamViewer,,['D24AC3471FDE86AD26E914155A84DDBBBE0967D0'],['VTV'],"['EDR', 'cym']",['Standalone Workstation'],1780113120.0
,"""C:\Program Files (x86)\UltraViewer\UltraViewer_Service.exe""",UltraViewer Service,,['050680A9113E02176A9BB7828FE1840F1BE46BE1'],['mbs'],['EDR'],[],1780111369.0
,"""C:\Program Files\Ajiant\VESRecoveryHandler.exe""",Viettel Endpoint Security Recovery Handler,,"['08157D482619E38C215BE7FBB6E2900A894AFAC8', '2C539299AD7A3C9B90F4311E022E6B45BE9E4E94', 'B4424A57E770F72959A0AA7965D407FD15555DC8']",['PVI'],"['EDR', 'cym']",['Standalone Workstation'],1780100581.0
,"""C:\Program Files\Amazon\AmazonCloudWatchAgent\start-amazon-cloudwatch-agent.exe""",Amazon CloudWatch Agent,,"['04330E42175A3454FABEB376CB0E6BFEFF9CBA28', '223E0B7A4773DE6D50ADFBD0DD9AC319F06EAF67', '5F45AFAD8CB7D075F63DFDDDC60D3C3CA2FA681D', '676655DE1ECA1E505EC97F2267ABB28E1E5792F6', '67A613F356981AF901A3344B905A7D657D5650A4', '73712FBAD13CAA5F6814CB9B29B564A4535658C0', 'A853CBA262AAA9EDA827B13FC65ED95AD910FF85', 'A911382CC1122E8E55585FB070D9908C1F6AECA5']","['gpbank', 'vpb']",['EDR'],['Server'],1780106576.0
,"""C:\Program Files\Amazon\AmazonCloudWatchAgent\start-amazon-cloudwatch-agent.exe""",,,['D1622AED4DFCF114E7896D593887EB40D686C185'],['gpbank'],['cym'],[],1780119191.881
,"""C:\Program Files\Bitdefender Agent\redline\bdredline.exe""",Bitdefender Agent RedLine Service,,"['1FE5C4C66B9BCA6037C1961296D7291E0B922FD1', 'C191BC00104FBA85E717BD032126D7340CA40F6D']",['vinhlong'],['EDR'],['Standalone Workstation'],1780108352.0
,"""C:\Program Files\Common Files\Foxit\Foxit PDF Reader\FoxitPDFReaderUpdateService.exe""",Foxit PDF Reader Update Service,,['A17055F41BD4389CF6421AAD4997D67B280BFC25'],['viettel'],['cym'],[],1780115820.797
,"""C:\Program Files\HP\Sure Click\4.4.31.845\servers\BrAXService.exe"" install",HP Sure Click AX Service,,['7C1D0F6DEEE009392F9821680B7F85D40B424F4B'],['VTV'],['EDR'],['Standalone Workstation'],1780107168.0
,"""C:\Program Files\HP\Sure Click\4.4.31.845\servers\BrInstallService.exe"" upgrade",HP Sure Click Install Service,,['7C1D0F6DEEE009392F9821680B7F85D40B424F4B'],['VTV'],['EDR'],['Standalone Workstation'],1780107168.0
,"""C:\Program Files\Intel\SUR\QUEENCREEK\SurSvc.exe""",Intel(R) System Usage Report Service SystemUsageReportSvc_QUEENCREEK,,['A1F604768FDE3EF844EDDE9353DB335ABCECEAB8'],['viettel'],['cym'],[],1780117048.174
,"""C:\Program Files\McAfee\WPS\mok\mc-wps-secdashboardservice.exe""",mc-wps-secdashboardservice,,['45DBCDC87F18F39A8CD601785C8FF5F743BA0E29'],['vinhlong'],['EDR'],['Standalone Workstation'],1780104284.0
,"""C:\Program Files\McAfee\wps\1.23.177.1\dad\3.29.12\mc-dad.exe""",McAfee Scheduled Task - (McAfee-Dynamicappdownloader),,['613672255105DAA248D4E23199ADAF86C769CECB'],['viettel'],['cym'],[],1780101201.919
,"""C:\Program Files\McAfee\wps\1.23.177.1\sustainability\mc-sustainability.exe""",McAfee Scheduled Task - (McAfee Scheduled Task - (mc-sustainability)),,['613672255105DAA248D4E23199ADAF86C769CECB'],['viettel'],['cym'],[],1780111239.903
,"""C:\Program Files\McAfee\wps\1.35.148.1\dad\mc-dad.exe""",McAfee Scheduled Task - (McAfee-Dynamicappdownloader),,['387D88125B0D54E4FAD9DCAA8FB1E334CD9CBFBA'],['viettel'],['cym'],[],1780120031.041
,"""C:\Program Files\McAfee\wps\1.35.148.1\sustainability\mc-sustainability.exe""",McAfee Scheduled Task - (McAfee Scheduled Task - (mc-sustainability)),,['387D88125B0D54E4FAD9DCAA8FB1E334CD9CBFBA'],['viettel'],['cym'],[],1780106608.397
,"""C:\Program Files\McAfee\wps\1.38.166.1\dad\mc-dad.exe""",McAfee Scheduled Task - (McAfee-Dynamicappdownloader),,"['06C750843E540CBC44B1499CD2EB200B2C5AD8FB', '0959F70CA594A687C1F3E82409E5AF4FE3FD5580', '45DBCDC87F18F39A8CD601785C8FF5F743BA0E29', '5978320FA27738B24C5D9A04133E0A2354189D60', 'F51579A441443B5920783A94A77A977E649A6D45']","['VTV', 'viettel', 'vinhlong']","['EDR', 'cym']",['Standalone Workstation'],1780101332.548
,"""C:\Program Files\McAfee\wps\1.38.166.1\sustainability\mc-sustainability.exe""",McAfee Scheduled Task - (McAfee Scheduled Task - (mc-sustainability)),,"['06C750843E540CBC44B1499CD2EB200B2C5AD8FB', '0959F70CA594A687C1F3E82409E5AF4FE3FD5580', '45DBCDC87F18F39A8CD601785C8FF5F743BA0E29', '4FA85B05148E46E7D80B55D23CA46720603AABE1', '5978320FA27738B24C5D9A04133E0A2354189D60', 'F51579A441443B5920783A94A77A977E649A6D45']","['VTV', 'viettel', 'vinhlong']","['EDR', 'cym']",['Standalone Workstation'],1780101567.197
,"""C:\Program Files\McAfee\wps\1.39.160.1\dad\mc-dad.exe""",McAfee Scheduled Task - (McAfee-Dynamicappdownloader),,"['AA8CDFF6B7B8B08F87DD69353AD9CEDB06670B49', 'F022638C84274A758785C5F69366485FE51D0F7B']","['viettel', 'vinhlong']","['EDR', 'cym']",['Standalone Workstation'],1780107367.0
,"""C:\Program Files\Microsoft GameInput\x64\GameInputRedistService.exe""",GameInput Redist Service,,['D9F229146EC0160A5DC56B4D5E98EE762D290310'],['viettel'],['cym'],[],1780116226.107
,"""C:\Program Files\Microsoft\MDOP MBAM\MBAMAgent.exe""",BitLocker Management Client Service,,"['10779DE6540CD9E8E779752155139819724659C5', 'D6CB419F6D0C2D78455B2D5A7AB94B62B084C2F0', 'F3F342D7D626FE66C772B16B5AE16493B84954AE']",['vpb'],['EDR'],[],1780109920.0
,"""C:\Program Files\PDF24\pdf24.exe"" -service",PDF24,,['D728E006621130C4D0DE38F43EB4CB18710116C9'],['viettel'],['cym'],[],1780113163.076
,"""C:\Program Files\RealVNC\VNC Server\vncserver.exe"" -service",RealVNC Server,,['050680A9113E02176A9BB7828FE1840F1BE46BE1'],['mbs'],['EDR'],[],1780111129.0
,"""C:\Program Files\RealVNC\VNC Server\vncserver.exe"" -service",VNC Server,,"['21FAFD0D7B6762E5509FAC83C269EF69CA0F5B2F', 'BFD2978B933E354BB88CF8BAE510422FC4CBC9CF']","['SeaBank', 'gpbank']",['EDR'],['Standalone Workstation'],1780106062.0
,"""C:\Program Files\ReasonLabs\EPP\Reason.Snow.exe"" svc 200085fc terminate rsEngineSvc",Reason Snow Service,,['9D708917B2398FD9F34321BAA97917AB6401005B'],['vinhlong'],['EDR'],['Standalone Workstation'],1780100300.0
,"""C:\Program Files\Symantec\Symantec Endpoint Protection\14.3.10158.8000.105\Bin64\ccSvcHst.exe"" /s ""Symantec Endpoint Protection"" /m ""C:\Program Files\Symantec\Symantec Endpoint Protection\14.3.10158.8000.105\Bin64\sms.dll"" /prefetch:1",Symantec Endpoint Protection,,['D66132B145DFB6A5FA8915192275BFD53E567F5E'],['vpb'],['EDR'],[],1780117211.0
,"""C:\Program Files\Symantec\Symantec Endpoint Protection\14.3.10158.8000.105\Bin64\sepWscSvc64.exe""",Symantec Endpoint Protection WSC Service,,['D66132B145DFB6A5FA8915192275BFD53E567F5E'],['vpb'],['EDR'],[],1780117211.0
,"""C:\Program Files\Symantec\Symantec Endpoint Protection\14.3.10158.8000.105\Bin64\snac64.exe""",Symantec Network Access Control,,['D66132B145DFB6A5FA8915192275BFD53E567F5E'],['vpb'],['EDR'],[],1780117211.0
,"""C:\Program Files\Symantec\Symantec Endpoint Protection\14.3.10158.8000.105\bin64\ccSvcHst.exe"" /c /s ""SepScanService"" /prefetch:2",Symantec Endpoint Protection Scan Service,,['D66132B145DFB6A5FA8915192275BFD53E567F5E'],['vpb'],['EDR'],[],1780117211.0
,"""C:\Program Files\Symantec\Symantec Endpoint Protection\14.3.12154.10000.105\Bin64\ccSvcHst.exe"" /s ""Symantec Endpoint Protection"" /m ""C:\Program Files\Symantec\Symantec Endpoint Protection\14.3.12154.10000.105\Bin64\sms.dll"" /prefetch:1",Symantec Endpoint Protection,,"['10779DE6540CD9E8E779752155139819724659C5', 'D6CB419F6D0C2D78455B2D5A7AB94B62B084C2F0']",['vpb'],['EDR'],[],1780110048.0
,"""C:\Program Files\Symantec\Symantec Endpoint Protection\14.3.12154.10000.105\Bin64\sepWscSvc64.exe""",Symantec Endpoint Protection WSC Service,,"['10779DE6540CD9E8E779752155139819724659C5', 'D6CB419F6D0C2D78455B2D5A7AB94B62B084C2F0']",['vpb'],['EDR'],[],1780110048.0
,"""C:\Program Files\Symantec\Symantec Endpoint Protection\14.3.12154.10000.105\Bin64\snac64.exe""",Symantec Network Access Control,,"['10779DE6540CD9E8E779752155139819724659C5', 'D6CB419F6D0C2D78455B2D5A7AB94B62B084C2F0']",['vpb'],['EDR'],[],1780110048.0
,"""C:\Program Files\Symantec\Symantec Endpoint Protection\14.3.12154.10000.105\bin64\ccSvcHst.exe"" /c /s ""SepScanService"" /prefetch:2",Symantec Endpoint Protection Scan Service,,"['10779DE6540CD9E8E779752155139819724659C5', 'D6CB419F6D0C2D78455B2D5A7AB94B62B084C2F0']",['vpb'],['EDR'],[],1780110048.0
,"""C:\Program Files\Symantec\WSS Agent\wssad.exe""",Symantec WSS Agent,,['D6CB419F6D0C2D78455B2D5A7AB94B62B084C2F0'],['vpb'],['EDR'],[],1780109920.0
,"""C:\Program Files\TeamViewer\TeamViewer_Service.exe""",TeamViewer,,"['AEC4D384A5A044DB0EBF46359D964C62BF0E13FC', 'F0FFEC739848146342C5FFE603CC11C87E67B5C6']",['VTV'],"['EDR', 'cym']",['Standalone Workstation'],1780103615.0
,"""C:\Program Files\WindowsApps\AppUp.IntelArcSoftware_26.14.2306.0_x64__8j3eq9eme6ctt\VFS\ProgramFilesX64\Intel\Intel Graphics Software\IntelGraphicsSoftware.Service.exe""",Intel® Graphics Software,,"['75E6735362C08126277395379A6C3D538EBFEE55', '97FD660BF2E7F8F5A7DB949247718ADDAEC1473E', 'F7727697C47BA42C3557BA2AD285C0D4B3E3EDC5', 'FC48C2D3F0E49EF278FF4CF42D2E9D8BAC63F38B']",['vpb'],['EDR'],[],1780106923.0
,"""C:\Program Files\WindowsApps\Claude_1.9255.0.0_x64__pzs8sxrjxfjjc\app\resources\cowork-svc.exe""",Claude,,['B70ABE1C8C0693D0F1B29D9002F11404352B4ADF'],['SeaBank'],['EDR'],[],1780109509.0
,"""C:\Program Files\WindowsApps\Claude_1.9255.2.0_x64__pzs8sxrjxfjjc\app\resources\cowork-svc.exe""",Claude,,"['9CF72360C4C76A7E7BFB09669570D46783377220', 'BF65B779F9526D9DB745EA0C054D7606C26D6635']",['viettel'],['cym'],[],1780114208.671
,"""C:\Program Files\WindowsApps\Microsoft.MicrosoftPCManager_3.21.5.0_x64__8wekyb3d8bbwe\PCManager\MSPCManagerService.exe""",Microsoft PC Manager Service,,['1DD8994CD5B63764927197F916CACADB0015E6AC'],['VTV'],['EDR'],['Standalone Workstation'],1780110794.0
,"""C:\ProgramData\Microsoft\Windows Defender\Platform\4.18.26040.7-0\MpDefenderCoreService.exe""",Microsoft Defender Core Service,,"['0DF440B3D4BAF28B3F38109F540C9037BCFC7D7E', '2395066862CCECA2E89AE60A220B83DC2BFA1F69', '4CF94B656587DD990C0DBD53A5C061C998FA10D6', '56F693BABB11C54165BF940D951E1D5287F964CE', '6DAC12C1C8DD7A8A45B825C41B1D6D9567092AE7', '71B4F5CE1D170C06674990B2B00F607B88DF5ABE', 'D66132B145DFB6A5FA8915192275BFD53E567F5E', 'F3F342D7D626FE66C772B16B5AE16493B84954AE']","['PVI', 'vinhlong', 'vpb']","['EDR', 'cym']",['Standalone Workstation'],1780100484.923
,"""C:\ProgramData\Microsoft\Windows Defender\Platform\4.18.26040.7-0\MpDefenderCoreService.exe""",,,['C108F5102800066A1C7AADE4DD5C15307A8DADBC'],['PVI'],['cym'],[],1780100441.847
,"""C:\WINDOWS\System32\DriverStore\FileRepository\cui_dch.inf_amd64_38cfab2b652e4701\igfxCUIService.exe""",igfxCUIService2.0.0.0,,['45DA0BE73819B96F269664416194A10E58F1C5CB'],['vpb'],['EDR'],[],1780108492.0
,"""C:\Windows\CxSvc\CxAudioSvc.exe""",CxAudioSvc,,['FDFE4FE7BA2A421F34E46A6F8BD14614F7238592'],['viettel'],['cym'],[],1780106447.35
,"""C:\Windows\CxSvc\CxUtilSvc.exe""",CxUtilSvc,,['FDFE4FE7BA2A421F34E46A6F8BD14614F7238592'],['viettel'],['cym'],[],1780106446.007
,%SystemRoot%\RtkBtManServ.exe,Realtek Bluetooth Device Manager Service,,['4EDECF7AFD2579A698BF49CDDD4FC0B5882AE9E0'],['viettel'],['cym'],[],1780105030.864
,%SystemRoot%\System32\DriverStore\FileRepository\cui_dch.inf_amd64_38cfab2b652e4701\igfxCUIService.exe,Intel(R) HD Graphics Control Panel Service,,['FDFE4FE7BA2A421F34E46A6F8BD14614F7238592'],['viettel'],['cym'],[],1780106688.469
,%SystemRoot%\System32\DriverStore\FileRepository\cui_dch.inf_amd64_c36cd6406677db45\igfxCUIService.exe,Intel(R) HD Graphics Control Panel Service,,['81D4CFB8706AB8B850D2AC1930D127CAE1C07F39'],['viettel'],['cym'],[],1780120767.199
,%SystemRoot%\System32\DriverStore\FileRepository\igcc_dch.inf_amd64_c18e9c8eed547b01\OneApp.IGCC.WinService.exe,Intel(R) Graphics Command Center Service,,['81D4CFB8706AB8B850D2AC1930D127CAE1C07F39'],['viettel'],['cym'],[],1780120766.989
,%SystemRoot%\System32\DriverStore\FileRepository\igcc_dch.inf_amd64_c2ac023763d5d3ad\OneApp.IGCC.WinService.exe,Intel(R) Graphics Command Center Service,,['FDFE4FE7BA2A421F34E46A6F8BD14614F7238592'],['viettel'],['cym'],[],1780106687.55
,%SystemRoot%\System32\DriverStore\FileRepository\iigd_dch.inf_amd64_51f685305808e3a5\IntelCpHDCPSvc.exe,Intel(R) Content Protection HDCP Service,,['FDFE4FE7BA2A421F34E46A6F8BD14614F7238592'],['viettel'],['cym'],[],1780106685.572
,%SystemRoot%\System32\DriverStore\FileRepository\iigd_dch.inf_amd64_51f685305808e3a5\IntelCpHeciSvc.exe,Intel(R) Content Protection HECI Service,,['FDFE4FE7BA2A421F34E46A6F8BD14614F7238592'],['viettel'],['cym'],[],1780106688.458
,%SystemRoot%\System32\DriverStore\FileRepository\iigd_dch.inf_amd64_fe9e4d6552ab1bbe\IntelCpHDCPSvc.exe,Intel(R) Content Protection HDCP Service,,['81D4CFB8706AB8B850D2AC1930D127CAE1C07F39'],['viettel'],['cym'],[],1780120758.118
,%SystemRoot%\System32\DriverStore\FileRepository\iigd_dch.inf_amd64_fe9e4d6552ab1bbe\IntelCpHeciSvc.exe,Intel(R) Content Protection HECI Service,,['81D4CFB8706AB8B850D2AC1930D127CAE1C07F39'],['viettel'],['cym'],[],1780120757.863
,%SystemRoot%\System32\DriverStore\FileRepository\lms.inf_amd64_a55aa2cd52a3429d\LMS.exe,Intel(R) Management and Security Application Local Management Service,,['4641B9F276FB45B8285CC19F7B297A089DCEF571'],['viettel'],['cym'],[],1780119384.96
,%SystemRoot%\System32\svchost.exe -k HPZ12,Net Driver HPZ12,,"['7987813C531E7D788A70043F2C6C372B3A1B35FD', 'C68DBC48EE4FDC8CD5B56FACF4AC4A376F030E23']","['SeaBank', 'vpb']",['EDR'],[],1780112189.0
,%SystemRoot%\System32\svchost.exe -k HPZ12,Pml Driver HPZ12,,"['7987813C531E7D788A70043F2C6C372B3A1B35FD', 'C68DBC48EE4FDC8CD5B56FACF4AC4A376F030E23']","['SeaBank', 'vpb']",['EDR'],[],1780112189.0
,%SystemRoot%\TbtP2pShortcutService.exe,Thunderbolt(TM) Peer to Peer Shortcut,,['D6CB419F6D0C2D78455B2D5A7AB94B62B084C2F0'],['vpb'],"['EDR', 'cym']",[],1780085035.498
,%USERPROFILE%\AppData\Local\Temp\tmpAE1A.tmp,WinRing0_1_2_0,,['A311267AE38723D091F63DB87831A4917AF2A35D'],['vinhlong'],['EDR'],['Standalone Workstation'],1780119311.0
,.,Energy Server Service queencreek,,['A1F604768FDE3EF844EDDE9353DB335ABCECEAB8'],['viettel'],['cym'],[],1780116997.126
,C:\Program Files (x86)\IObit\IObit Uninstaller\IUService.exe,IObit Uninstaller Service,,['52515907FBEA4C018E5ED27272F6BDF373D610EF'],['viettel'],['cym'],[],1780116341.574
,C:\Program Files (x86)\Label Printer Driver V 1.0\HiLabel_2inch\SPPrinterService.exe,GLPrinter Service,,['66C78C6BBA3E3FBC41668922DE355BCC9C52D1EF'],['viettel'],['cym'],[],1780104834.317
,C:\Program Files (x86)\MSI\MSI Center\Lib\SCEWIN\5.05.01.0002\amigendrv64.sys,GENERICDRV,,['0839BF8466D886E196A1D01F466CF9B37059C6E4'],['viettel'],['cym'],[],1780099397.368
,C:\Program Files\AMD\CIM\Bin64\atdcm64a.sys,AtiDCM,,['8D5743F5259FA41B70AB8C622CA7871E802AF46B'],['vinhlong'],['EDR'],['Standalone Workstation'],1780113567.0
,C:\Program Files\BlueStacks_nxt\BstkDrv_nxt.sys,BlueStacks Hypervisor_nxt,,['65C4AD6D7F2AC8E887354D51FD38026D09C0C055'],['vinhlong'],['EDR'],['Standalone Workstation'],1780105448.0
,C:\Program Files\Google\Play Games Services\26.5.505.0\Service\GooglePlayGamesServices.exe,Google Play Games Services (26.5.505.0),,"['5E2EE1621E8543E95412BCBCFA938EB18A49E6A1', 'CCBD9AE569EA5459A0AC4C33C2F174FD48374B3C', 'D95E9B1428AB3B74EB21CC514268575C3477A0B5']","['viettel', 'vinhlong']","['EDR', 'cym']",['Standalone Workstation'],1780107449.0
,C:\Program Files\KMSpico\WinDivert.sys,WinDivert1.1,,['4B8B80E5E7BEBC1C6C4E8A5DA11C3CF488CC67B5'],['vinhlong'],['EDR'],['Standalone Workstation'],1780108864.0
,C:\Program Files\NVIDIA Corporation\NvStreamSrv\NvStreamKms.sys,NvStreamKms,,['37C6C711599008D47E28E77CCF1572C1CC9AC7F8'],['viettel'],['cym'],[],1780107815.177
,C:\Program Files\TeraCopy\TeraCopyService.exe,TeraCopy Service,,['B810F0AB1A50942E80F1FA33C848D75724287C17'],['viettel'],['cym'],[],1780112301.043
,C:\Program Files\WindowsApps\Claude_1.9659.2.0_x64__pzs8sxrjxfjjc\app\resources\cowork-svc.exe,Claude,,"['315A2D99442C231D6595713EF56C679748E41A7C', '803AF8BF0CB2895978F1BE94EF0780246380FFF0']",['viettel'],['cym'],[],1780109226.064
,C:\Program Files\ldplayer9box\Ld9BoxSup.sys,Ld9BoxSup,,['65C4AD6D7F2AC8E887354D51FD38026D09C0C055'],['vinhlong'],['EDR'],['Standalone Workstation'],1780106526.0
,C:\ProgramData\Kaspersky Lab\AVP21.25\Bases\klids.sys,klids.K4W-21-25,,"['428123F431EDB28B5876D3032B51E23D44B0589C', '4A839CC8082A716D542F13D2B9DFD7E93EE6A5A2', '5364426DC9173CB7A604AD541817DA78941EF6E4', 'AFCDCF5781B2D0D55A1D55955640AEC5BEF4A40F']",['vinhlong'],['EDR'],['Standalone Workstation'],1780101149.0
,C:\ProgramData\Microsoft\Windows Defender\Definition Updates\{0F6118B7-1AE7-4AEC-B854-F3174484C91C}\MpKslDrv.sys,MpKslad85655c,,['DF4FD94794C19AA710FA6F2E84DD30D448769F5E'],['vinhlong'],['EDR'],['Standalone Workstation'],1780108651.0
,C:\ProgramData\Microsoft\Windows Defender\Definition Updates\{2EF8EE16-9E5B-4AE0-8E83-79326168D627}\MpKslDrv.sys,MpKsl45447dce,,['8731880F3803DA56B453CF17E0863CE1BC98BEE8'],['vinhlong'],['EDR'],['Standalone Workstation'],1780117561.0
,C:\ProgramData\Microsoft\Windows Defender\Definition Updates\{3194942A-624A-48DB-86E7-118051FC9AC8}\MpKslDrv.sys,MpKsl0c098f20,,['C743D45ECB337438FE9B0AA44B2AB457600AE181'],['vinhlong'],['EDR'],['Standalone Workstation'],1780105718.0
,C:\ProgramData\Microsoft\Windows Defender\Definition Updates\{3194942A-624A-48DB-86E7-118051FC9AC8}\MpKslDrv.sys,MpKsl535d2c1f,,['C743D45ECB337438FE9B0AA44B2AB457600AE181'],['vinhlong'],['EDR'],['Standalone Workstation'],1780104956.0
,C:\ProgramData\Microsoft\Windows Defender\Definition Updates\{4B3B8AE3-8787-4762-8E50-7CB91B37DE11}\MpKslDrv.sys,MpKslfa9107ab,,['87A9365121D904ECB25F6A0CFCF543F1414A1355'],['vinhlong'],['EDR'],['Standalone Workstation'],1780102728.0
,C:\ProgramData\Microsoft\Windows Defender\Definition Updates\{55C4919C-8897-4D33-84CC-23EAC92DCB41}\MpKslDrv.sys,MpKslf07fb6a7,,['5A921EBA228F34929A843DC4BD5C0125EFA42B92'],['vinhlong'],['EDR'],['Standalone Workstation'],1780105138.0
,C:\ProgramData\Microsoft\Windows Defender\Definition Updates\{9C8EC027-C0D3-4116-960D-F88E9B21D79C}\MpKslDrv.sys,MpKslc3b2cc98,,['01EA83D7D28678943D7CA9BE27189909FE82C51D'],['vinhlong'],['EDR'],['Standalone Workstation'],1780112373.0
,C:\ProgramData\Microsoft\Windows Defender\Definition Updates\{B91D9601-BEC0-474E-A1FF-A29E6C46FF56}\MpKslDrv.sys,MpKsl705179d8,,['93EF6E79FC9512ECA301430FEB3E93A95CB1C73D'],['vinhlong'],['EDR'],['Standalone Workstation'],1780102522.0
,C:\ProgramData\Microsoft\Windows Defender\Definition Updates\{EEF7B410-73CB-4F62-B0F5-C389BE733EBD}\MpKslDrv.sys,MpKsle217c97a,,['E96EB108EAE7664FB5E4090750474AC56B291D08'],['vinhlong'],['EDR'],['Standalone Workstation'],1780106536.0
,C:\WINDOWS\system32\drivers\IOMap64.sys,IOMap,,"['D4EFB093532A1EAC78D7A5BC4639EE563907FA9C', 'F95D6FCB3AF71ACBB4774865D1C0B83DCCD38CA9']","['viettel', 'vinhlong']","['EDR', 'cym']",['Standalone Workstation'],1780103757.087
,C:\Windows\System32\drivers\IntelTACD.sys,IntelTACD,,"['250F44B9DB08B3CD2950104F249B6659E766898D', '35575D8EA0692721183D61A64FBC845F0B5EA6E0', '36AD1BEA92A3C8B9197A3EB1FDBA11E7CB405E83', '50A888975535E0B5E6007613D185F351BB086682', '632B556AA87BD80152FBB448950A183B3CED9E68', '987AA6751B5A38E2524A3CE7C76B557D1E86A459', 'B927627A37674F37296A81EF12E107D45F25A4C6', 'C9A9D85F86B4052EE073B05A33113683DC494C53', 'F26CB8C6F4F8EA6020DD9F8F28A615A852F77067']","['viettel', 'vinhlong']","['EDR', 'cym']",['Standalone Workstation'],1780102368.0
,C:\Windows\VeeamVssSupport\VeeamGuestHelper.exe,,,"['1AFEC79BC2762364BFA649CE5BFC6D2CAD623B8E', '65D1F8C2DAB31B06B2D7E7E078B25F46637755E9']",['ptsc'],['cym'],[],1780099251.232
,C:\Windows\system32\drivers\IOMap64.sys,IOMap,,"['5A921EBA228F34929A843DC4BD5C0125EFA42B92', 'BC9C02B1B494DA1623A9A444266EDD87A8D0D3CE']","['viettel', 'vinhlong']","['EDR', 'cym']",['Standalone Workstation'],1780103292.496
,VInTsm.sys,VInTsm,,['D06FC6B5372E6D4BCE4AB171F78C80FF641002F8'],['viettel'],['cym'],[],1780110461.871
,\SystemRoot\System32\DriverStore\FileRepository\asussci2.inf_amd64_3eb06da3aad59dcc\ASUSSystemAnalysis\AsusSAIO.sys,AsusSAIO,,"['A0FB45E5B05D9A5F4A1CD6BFA91242B483F7358F', 'C301EA4C2BF3802891E7771A6FDB8A4901FF15E5']","['viettel', 'vinhlong']","['EDR', 'cym']",['Standalone Workstation'],1780100279.0
,\SystemRoot\System32\DriverStore\FileRepository\iigd_dch.inf_amd64_51f685305808e3a5\igdkmd64.sys,igfx,,['FDFE4FE7BA2A421F34E46A6F8BD14614F7238592'],['viettel'],['cym'],[],1780106700.386
,\SystemRoot\System32\DriverStore\FileRepository\iigd_dch.inf_amd64_fe9e4d6552ab1bbe\igdkmd64.sys,igfx,,['81D4CFB8706AB8B850D2AC1930D127CAE1C07F39'],['viettel'],['cym'],[],1780120758.001
,\SystemRoot\System32\DriverStore\FileRepository\intcdaud.inf_amd64_14fc346f005b7296\IntcDAud.sys,Intel(R) Display Audio,,['81D4CFB8706AB8B850D2AC1930D127CAE1C07F39'],['viettel'],['cym'],[],1780120768.584
,\SystemRoot\System32\DriverStore\FileRepository\intcdaud.inf_amd64_718877413f6508de\IntcDAud.sys,Intel(R) Display Audio,,['FDFE4FE7BA2A421F34E46A6F8BD14614F7238592'],['viettel'],['cym'],[],1780106700.208
,\SystemRoot\System32\DriverStore\FileRepository\wiman.inf_amd64_1d81bc4f31bf65c7\WiManHio\WiManHio.sys,WiMan Service,,['063AA68ED2EF6C76B66C90F66234989F4DF422C4'],['viettel'],['cym'],[],1780117364.719
,\SystemRoot\System32\drivers\AppleKIS.sys,Apple KIS Service,,['16D9535655984EDC53CC0C410B7B159109EDC7C5'],['viettel'],['cym'],[],1780118003.693
,\SystemRoot\System32\drivers\BthHfAud.sys,Microsoft Bluetooth Hands-Free Audio driver,,['7F5E34A9C69F63BB0130B57E803E90018E848237'],['vinhlong'],['EDR'],['Standalone Workstation'],1780103956.0
,\SystemRoot\System32\drivers\Trufos.sys,Trufos,,['8A21B323335D9D18AE112F103EBD936C67743B24'],['vinhlong'],['EDR'],['Standalone Workstation'],1780117210.0
,\SystemRoot\System32\drivers\bertreader.sys,BERT Reader Service,,['A1F604768FDE3EF844EDDE9353DB335ABCECEAB8'],['viettel'],['cym'],[],1780117125.958
,\SystemRoot\System32\drivers\rtwlanu.sys,Realtek Wireless LAN 802.11n USB 2.0 Network Adapter,,['9305D64D3D99F1685993564ED243B8F922B2E27C'],['viettel'],['cym'],[],1780110985.952
,\SystemRoot\System32\drivers\xusb22.sys,Xbox 360 Wireless Receiver Driver Service 22,,['4C9D7ED6B475FD9A7704C6605D6F85F9FC46992D'],['viettel'],['cym'],[],1780103638.721
,\SystemRoot\system32\DRIVERS\K4W-21-25\klbackupdisk.sys,Kaspersky Lab klbackupdisk.K4W-21-25,,"['428123F431EDB28B5876D3032B51E23D44B0589C', '5364426DC9173CB7A604AD541817DA78941EF6E4', '9B3033CD053EB4828DF9BDBDF056803116B4E93D', 'AFCDCF5781B2D0D55A1D55955640AEC5BEF4A40F', 'B51D14035F9D61AD6EAD63B1294C5EF164515CFD', 'E399E8D9880002EE1498F768C476299DD3E3578D']",['vinhlong'],['EDR'],['Standalone Workstation'],1780100405.0
,\SystemRoot\system32\DRIVERS\K4W-21-25\kldisk.sys,kldisk.K4W-21-25,,"['428123F431EDB28B5876D3032B51E23D44B0589C', '5364426DC9173CB7A604AD541817DA78941EF6E4', '9B3033CD053EB4828DF9BDBDF056803116B4E93D', 'AFCDCF5781B2D0D55A1D55955640AEC5BEF4A40F', 'B51D14035F9D61AD6EAD63B1294C5EF164515CFD', 'E399E8D9880002EE1498F768C476299DD3E3578D']",['vinhlong'],['EDR'],['Standalone Workstation'],1780100405.0
,\SystemRoot\system32\DRIVERS\K4W-21-25\klflt.sys,Kaspersky Lab Kernel DLL.K4W-21-25,,"['428123F431EDB28B5876D3032B51E23D44B0589C', '5364426DC9173CB7A604AD541817DA78941EF6E4', '9B3033CD053EB4828DF9BDBDF056803116B4E93D', 'AFCDCF5781B2D0D55A1D55955640AEC5BEF4A40F', 'B51D14035F9D61AD6EAD63B1294C5EF164515CFD', 'E399E8D9880002EE1498F768C476299DD3E3578D']",['vinhlong'],['EDR'],['Standalone Workstation'],1780100405.0
,\SystemRoot\system32\DRIVERS\K4W-21-25\klhk.sys,Kaspersky Lab service driver.K4W-21-25,,"['428123F431EDB28B5876D3032B51E23D44B0589C', '5364426DC9173CB7A604AD541817DA78941EF6E4', '9B3033CD053EB4828DF9BDBDF056803116B4E93D', 'AFCDCF5781B2D0D55A1D55955640AEC5BEF4A40F', 'B51D14035F9D61AD6EAD63B1294C5EF164515CFD', 'E399E8D9880002EE1498F768C476299DD3E3578D']",['vinhlong'],['EDR'],['Standalone Workstation'],1780100405.0
,\SystemRoot\system32\DRIVERS\K4W-21-25\klkbdflt.sys,Kaspersky Lab KLKBDFLT.K4W-21-25,,"['428123F431EDB28B5876D3032B51E23D44B0589C', '5364426DC9173CB7A604AD541817DA78941EF6E4', '9B3033CD053EB4828DF9BDBDF056803116B4E93D', 'AFCDCF5781B2D0D55A1D55955640AEC5BEF4A40F', 'B51D14035F9D61AD6EAD63B1294C5EF164515CFD', 'E399E8D9880002EE1498F768C476299DD3E3578D']",['vinhlong'],['EDR'],['Standalone Workstation'],1780100405.0
,\SystemRoot\system32\DRIVERS\K4W-21-25\klmouflt.sys,Kaspersky Lab KLMOUFLT.K4W-21-25,,"['428123F431EDB28B5876D3032B51E23D44B0589C', '5364426DC9173CB7A604AD541817DA78941EF6E4', '9B3033CD053EB4828DF9BDBDF056803116B4E93D', 'AFCDCF5781B2D0D55A1D55955640AEC5BEF4A40F', 'B51D14035F9D61AD6EAD63B1294C5EF164515CFD', 'E399E8D9880002EE1498F768C476299DD3E3578D']",['vinhlong'],['EDR'],['Standalone Workstation'],1780100405.0
,\SystemRoot\system32\DRIVERS\K4W-21-25\klpnpflt.sys,Kaspersky Lab klpnpflt.K4W-21-25,,"['428123F431EDB28B5876D3032B51E23D44B0589C', '5364426DC9173CB7A604AD541817DA78941EF6E4', '9B3033CD053EB4828DF9BDBDF056803116B4E93D', 'AFCDCF5781B2D0D55A1D55955640AEC5BEF4A40F', 'B51D14035F9D61AD6EAD63B1294C5EF164515CFD', 'E399E8D9880002EE1498F768C476299DD3E3578D']",['vinhlong'],['EDR'],['Standalone Workstation'],1780100405.0
,\SystemRoot\system32\DRIVERS\K4W-21-25\klwtp.sys,klwtp.K4W-21-25,,"['428123F431EDB28B5876D3032B51E23D44B0589C', '5364426DC9173CB7A604AD541817DA78941EF6E4', '9B3033CD053EB4828DF9BDBDF056803116B4E93D', 'AFCDCF5781B2D0D55A1D55955640AEC5BEF4A40F', 'B51D14035F9D61AD6EAD63B1294C5EF164515CFD', 'E399E8D9880002EE1498F768C476299DD3E3578D']",['vinhlong'],['EDR'],['Standalone Workstation'],1780100405.0
,\SystemRoot\system32\DRIVERS\K4W-21-25\kneps.sys,kneps.K4W-21-25,,"['428123F431EDB28B5876D3032B51E23D44B0589C', '5364426DC9173CB7A604AD541817DA78941EF6E4', '9B3033CD053EB4828DF9BDBDF056803116B4E93D', 'AFCDCF5781B2D0D55A1D55955640AEC5BEF4A40F', 'B51D14035F9D61AD6EAD63B1294C5EF164515CFD', 'E399E8D9880002EE1498F768C476299DD3E3578D']",['vinhlong'],['EDR'],['Standalone Workstation'],1780100405.0
,\SystemRoot\system32\DRIVERS\VEDRWfpDrv.sys,VEDRWfpDrv,,"['7B84843AA0619B8B963E96F7892422D537B8EFDD', '95869242B5369156A74E9D452CE428DE1A5AC5B3', 'AD2FB0EC78BCB7F825510A85FD28BC1235974203']",['vinhlong'],['EDR'],['Standalone Workstation'],1780101758.0
,\SystemRoot\system32\drivers\CHDRT64.sys,Synaptics UAA Function Driver for High Definition Audio Service,,['FDFE4FE7BA2A421F34E46A6F8BD14614F7238592'],['viettel'],['cym'],[],1780106448.501
,system32\DRIVERS\K4W-21-25\klbackupflt.sys,Kaspersky Lab klbackupflt.K4W-21-25,,"['428123F431EDB28B5876D3032B51E23D44B0589C', '5364426DC9173CB7A604AD541817DA78941EF6E4', '9B3033CD053EB4828DF9BDBDF056803116B4E93D', 'A154E32A98D20B4B70709F69AAAE9CF785899223', 'AFCDCF5781B2D0D55A1D55955640AEC5BEF4A40F', 'B51D14035F9D61AD6EAD63B1294C5EF164515CFD', 'E399E8D9880002EE1498F768C476299DD3E3578D']","['viettel', 'vinhlong']","['EDR', 'cym']",['Standalone Workstation'],1780100405.0
,system32\DRIVERS\K4W-21-25\klgse.sys,Kaspersky Lab Security Extender Driver.K4W-21-25,,"['428123F431EDB28B5876D3032B51E23D44B0589C', '5364426DC9173CB7A604AD541817DA78941EF6E4', '9B3033CD053EB4828DF9BDBDF056803116B4E93D', 'AFCDCF5781B2D0D55A1D55955640AEC5BEF4A40F', 'B51D14035F9D61AD6EAD63B1294C5EF164515CFD', 'E399E8D9880002EE1498F768C476299DD3E3578D']",['vinhlong'],['EDR'],['Standalone Workstation'],1780100405.0
,system32\DRIVERS\K4W-21-25\klif.sys,Kaspersky Lab Driver.K4W-21-25,,"['428123F431EDB28B5876D3032B51E23D44B0589C', '5364426DC9173CB7A604AD541817DA78941EF6E4', '9B3033CD053EB4828DF9BDBDF056803116B4E93D', 'A154E32A98D20B4B70709F69AAAE9CF785899223', 'AFCDCF5781B2D0D55A1D55955640AEC5BEF4A40F', 'B51D14035F9D61AD6EAD63B1294C5EF164515CFD', 'E399E8D9880002EE1498F768C476299DD3E3578D']","['viettel', 'vinhlong']","['EDR', 'cym']",['Standalone Workstation'],1780100405.0
,system32\DRIVERS\K4W-21-25\klpd.sys,Kaspersky Lab format recognizer driver.K4W-21-25,,"['428123F431EDB28B5876D3032B51E23D44B0589C', '5364426DC9173CB7A604AD541817DA78941EF6E4', '9B3033CD053EB4828DF9BDBDF056803116B4E93D', 'AFCDCF5781B2D0D55A1D55955640AEC5BEF4A40F', 'B51D14035F9D61AD6EAD63B1294C5EF164515CFD', 'E399E8D9880002EE1498F768C476299DD3E3578D']",['vinhlong'],['EDR'],['Standalone Workstation'],1780100405.0
,system32\drivers\wd\KslD.sys,KslD,,"['5EF2738517B7753889FFE519844FD362DEB7CD8B', 'B946C0AB87040E50E54682AA549209EE1866B005', 'C9D2B686833372E97A850495857C9D8B88273C17', 'E7AE5D305ABD32CE7A9911600B4C25D1E78B25DA', 'F1B301D0AFD107F16BA8B630ACF54817E4083D2D', 'F25EC7AD9E83A6FABA52D9129D5AD431E3511333', 'FD23EB4846BDEDB176D048CDEDA4143963D46242']","['viettel', 'vinhlong']","['EDR', 'cym']",['Standalone Workstation'],1780101196.0
,,,,"['1AFEC79BC2762364BFA649CE5BFC6D2CAD623B8E', '4D831979389F4B40E92704D27B0D72F567045156', '529E5C32C91DF383C259F15228DB9573D363B7B2', '553926C1F80810A331A9E0E25AC82F2327C1B57D', '65D1F8C2DAB31B06B2D7E7E078B25F46637755E9', 'B9264CD3235C8ADF8C946994C96176013837E8C4', 'D65AFE2809C5E5C7DCECB3B2FBE3F05DB041CB9A']","['masan', 'ptsc']",['cym'],[],1780099248.276
